price,area,bedrooms,bathrooms,stories,mainroad,guestroom,basement,hotwaterheating,airconditioning,parking,prefarea,furnishingstatus_ordinal,furnishingstatus_semi-furnished,furnishingstatus_unfurnished,area_per_bedroom,area_per_bathroom,is_fully_equipped
9310000,6550,4,2,2,1,0,0,0,1,1,1,1,True,False,1637.5,3275.0,0
9240000,3500,4,2,2,1,0,0,1,0,2,0,2,False,False,875.0,1750.0,0
9240000,7800,3,2,2,1,0,0,0,0,0,1,1,True,False,2600.0,3900.0,0
9100000,6000,4,1,2,1,0,1,0,0,2,0,1,True,False,1500.0,6000.0,0
8960000,8500,3,2,4,1,0,0,0,1,2,0,2,False,False,2833.3333333333335,4250.0,0
8890000,4600,3,2,2,1,1,0,0,1,2,0,2,False,False,1533.3333333333333,2300.0,0
8855000,6420,3,2,2,1,0,0,0,1,1,1,1,True,False,2140.0,3210.0,0
8750000,4320,3,1,2,1,0,1,1,0,2,0,1,True,False,1440.0,4320.0,0
8680000,7155,3,2,1,1,1,1,0,1,2,0,0,False,True,2385.0,3577.5,0
8645000,8050,3,1,1,1,1,1,0,1,1,0,2,False,False,2683.3333333333335,8050.0,0
8645000,4560,3,2,2,1,1,1,0,1,1,0,2,False,False,1520.0,2280.0,0
8575000,8800,3,2,2,1,0,0,0,1,2,0,2,False,False,2933.3333333333335,4400.0,0
8540000,6540,4,2,2,1,1,1,0,1,2,1,2,False,False,1635.0,3270.0,0
8400000,8875,3,1,1,1,0,0,0,0,1,0,1,True,False,2958.3333333333335,8875.0,0
8400000,5500,4,2,2,1,0,1,0,1,1,1,1,True,False,1375.0,2750.0,0
8400000,7475,3,2,4,1,0,0,0,1,2,0,0,False,True,2491.6666666666665,3737.5,0
8400000,7000,3,1,4,1,0,0,0,1,2,0,1,True,False,2333.3333333333335,7000.0,0
8295000,4880,4,2,2,1,0,0,0,1,1,1,2,False,False,1220.0,2440.0,0
8120000,6840,5,1,2,1,1,1,0,1,1,0,2,False,False,1368.0,6840.0,0
8080940,7000,3,2,4,1,0,0,0,1,2,0,2,False,False,2333.3333333333335,3500.0,0
7980000,9000,4,2,4,1,0,0,0,1,2,0,2,False,False,2250.0,4500.0,0
7962500,6000,3,1,4,1,1,0,0,1,2,0,0,False,True,2000.0,6000.0,0
7910000,6000,4,2,4,1,0,0,0,1,1,0,1,True,False,1500.0,3000.0,0
7875000,6550,3,1,2,1,0,1,0,1,0,1,2,False,False,2183.3333333333335,6550.0,0
7840000,6360,3,2,4,1,0,0,0,1,0,1,2,False,False,2120.0,3180.0,0
7700000,6480,3,2,4,1,0,0,0,1,2,0,0,False,True,2160.0,3240.0,0
7700000,6000,4,2,4,1,0,0,0,0,2,0,1,True,False,1500.0,3000.0,0
7560000,6000,4,2,4,1,0,0,0,1,1,0,2,False,False,1500.0,3000.0,0
7560000,6000,3,2,3,1,0,0,0,1,0,0,1,True,False,2000.0,3000.0,0
7525000,6000,3,2,4,1,0,0,0,1,1,0,2,False,False,2000.0,3000.0,0
7490000,6600,3,1,4,1,0,0,0,1,3,1,2,False,False,2200.0,6600.0,0
7455000,4300,3,2,2,1,0,1,0,0,1,0,0,False,True,1433.3333333333333,2150.0,0
7420000,7440,3,2,1,1,1,1,0,1,0,1,1,True,False,2480.0,3720.0,0
7420000,7440,3,2,4,1,0,0,0,0,1,1,0,False,True,2480.0,3720.0,0
7420000,6325,3,1,4,1,0,0,0,1,1,0,0,False,True,2108.3333333333335,6325.0,0
7350000,6000,4,2,4,1,1,0,0,1,1,0,2,False,False,1500.0,3000.0,0
7350000,5150,3,2,4,1,0,0,0,1,2,0,1,True,False,1716.6666666666667,2575.0,0
7350000,6000,3,2,2,1,1,0,0,1,1,0,1,True,False,2000.0,3000.0,0
7350000,6000,3,1,2,1,0,0,0,1,1,0,0,False,True,2000.0,6000.0,0
7343000,11440,4,1,2,1,0,1,0,0,1,1,1,True,False,2860.0,11440.0,0
7210000,7680,4,2,4,1,1,0,0,1,1,0,1,True,False,1920.0,3840.0,0
7210000,6000,3,2,4,1,1,0,0,1,1,0,2,False,False,2000.0,3000.0,0
7140000,6000,3,2,2,1,1,0,0,0,1,0,1,True,False,2000.0,3000.0,0
7070000,8880,2,1,1,1,0,0,0,1,1,0,1,True,False,4440.0,8880.0,0
7070000,6240,4,2,2,1,0,0,0,1,1,0,2,False,False,1560.0,3120.0,0
7035000,6360,4,2,3,1,0,0,0,1,2,1,2,False,False,1590.0,3180.0,0
7000000,11175,3,1,1,1,0,1,0,1,1,1,2,False,False,3725.0,11175.0,0
6930000,8880,3,2,2,1,0,1,0,1,1,0,2,False,False,2960.0,4440.0,0
6895000,7700,3,2,1,1,0,0,0,0,2,0,0,False,True,2566.6666666666665,3850.0,0
6860000,6000,3,1,1,1,0,0,0,1,1,0,2,False,False,2000.0,6000.0,0
6790000,12090,4,2,2,1,0,0,0,0,2,1,2,False,False,3022.5,6045.0,0
6790000,4000,3,2,2,1,0,1,0,1,0,1,1,True,False,1333.3333333333333,2000.0,0
6755000,6000,4,2,4,1,0,0,0,1,0,0,0,False,True,1500.0,3000.0,0
6720000,5020,3,1,4,1,0,0,0,1,0,1,0,False,True,1673.3333333333333,5020.0,0
6650000,4040,3,1,2,1,0,1,1,0,1,0,2,False,False,1346.6666666666667,4040.0,0
6650000,4260,4,2,2,1,0,0,1,0,0,0,1,True,False,1065.0,2130.0,0
6650000,6420,3,2,3,1,0,0,0,1,0,1,2,False,False,2140.0,3210.0,0
6650000,6500,3,2,3,1,0,0,0,1,0,1,2,False,False,2166.6666666666665,3250.0,0
6650000,5700,3,1,1,1,1,1,0,1,2,1,2,False,False,1900.0,5700.0,0
6650000,6000,3,2,3,1,1,0,0,1,0,0,2,False,False,2000.0,3000.0,0
6629000,6000,3,1,2,1,0,0,1,0,1,1,1,True,False,2000.0,6000.0,0
6615000,4000,3,2,2,1,0,1,0,1,1,0,1,True,False,1333.3333333333333,2000.0,0
6615000,10500,3,2,1,1,0,1,0,1,1,1,2,False,False,3500.0,5250.0,0
6580000,6000,3,2,4,1,0,0,0,1,0,0,1,True,False,2000.0,3000.0,0
6510000,3760,3,1,2,1,0,0,1,0,2,0,1,True,False,1253.3333333333333,3760.0,0
6510000,8250,3,2,3,1,0,0,0,1,0,0,2,False,False,2750.0,4125.0,0
6510000,6670,3,1,3,1,0,1,0,0,0,1,0,False,True,2223.3333333333335,6670.0,0
6475000,3960,3,1,1,1,0,1,0,0,2,0,1,True,False,1320.0,3960.0,0
6475000,7410,3,1,1,1,1,1,0,1,2,1,0,False,True,2470.0,7410.0,0
6440000,8580,5,3,2,1,0,0,0,0,2,0,2,False,False,1716.0,2860.0,0
6440000,5000,3,1,2,1,0,0,0,1,0,0,1,True,False,1666.6666666666667,5000.0,0
6419000,6750,2,1,1,1,1,1,0,0,2,1,2,False,False,3375.0,6750.0,0
6405000,4800,3,2,4,1,1,0,0,1,0,0,2,False,False,1600.0,2400.0,0
6300000,7200,3,2,1,1,0,1,0,1,3,0,1,True,False,2400.0,3600.0,0
6300000,6000,4,2,4,1,0,0,0,0,1,0,1,True,False,1500.0,3000.0,0
6300000,4100,3,2,3,1,0,0,0,1,2,0,1,True,False,1366.6666666666667,2050.0,0
6300000,9000,3,1,1,1,0,1,0,0,1,1,2,False,False,3000.0,9000.0,0
6300000,6400,3,1,1,1,1,1,0,1,1,1,1,True,False,2133.3333333333335,6400.0,0
6293000,6600,3,2,3,1,0,0,0,1,0,1,0,False,True,2200.0,3300.0,0
6265000,6000,4,1,3,1,1,1,0,0,0,1,0,False,True,1500.0,6000.0,0
6230000,6600,3,2,1,1,0,1,0,1,0,1,0,False,True,2200.0,3300.0,0
6230000,5500,3,1,3,1,0,0,0,0,1,1,0,False,True,1833.3333333333333,5500.0,0
6195000,5500,3,2,4,1,1,0,0,1,1,0,1,True,False,1833.3333333333333,2750.0,0
6195000,6350,3,2,3,1,1,0,0,1,0,0,2,False,False,2116.6666666666665,3175.0,0
6195000,5500,3,2,1,1,1,1,0,0,2,1,2,False,False,1833.3333333333333,2750.0,0
6160000,4500,3,1,4,1,0,0,0,1,0,0,0,False,True,1500.0,4500.0,0
6160000,5450,4,2,1,1,0,1,0,1,0,1,1,True,False,1362.5,2725.0,0
6125000,6420,3,1,3,1,0,1,0,0,0,1,0,False,True,2140.0,6420.0,0
6107500,3240,4,1,3,1,0,0,0,0,1,0,1,True,False,810.0,3240.0,0
6090000,6600,3,1,1,1,1,1,0,0,2,1,1,True,False,2200.0,6600.0,0
6090000,8372,3,1,3,1,0,0,0,1,2,0,0,False,True,2790.6666666666665,8372.0,0
6083000,4300,6,2,2,1,0,0,0,0,0,0,2,False,False,716.6666666666666,2150.0,0
6083000,9620,3,1,1,1,0,1,0,0,2,1,2,False,False,3206.6666666666665,9620.0,0
6020000,6800,2,1,1,1,1,1,0,0,2,0,2,False,False,3400.0,6800.0,0
6020000,8000,3,1,1,1,1,1,0,1,2,1,1,True,False,2666.6666666666665,8000.0,0
6020000,6900,3,2,1,1,1,1,0,0,0,1,0,False,True,2300.0,3450.0,0
5950000,3700,4,1,2,1,1,0,0,1,0,0,2,False,False,925.0,3700.0,0
5950000,6420,3,1,1,1,0,1,0,1,0,1,2,False,False,2140.0,6420.0,0
5950000,7020,3,1,1,1,0,1,0,1,2,1,1,True,False,2340.0,7020.0,0
5950000,6540,3,1,1,1,1,1,0,0,2,1,2,False,False,2180.0,6540.0,0
5950000,7231,3,1,2,1,1,1,0,1,0,1,1,True,False,2410.3333333333335,7231.0,0
5950000,6254,4,2,1,1,0,1,0,0,1,1,1,True,False,1563.5,3127.0,0
5950000,7320,4,2,2,1,0,0,0,0,0,0,2,False,False,1830.0,3660.0,0
5950000,6525,3,2,4,1,0,0,0,0,1,0,2,False,False,2175.0,3262.5,0
5943000,15600,3,1,1,1,0,0,0,1,2,0,1,True,False,5200.0,15600.0,0
5880000,7160,3,1,1,1,0,1,0,0,2,1,0,False,True,2386.6666666666665,7160.0,0
5880000,6500,3,2,3,1,0,0,0,1,0,0,0,False,True,2166.6666666666665,3250.0,0
5873000,5500,3,1,3,1,1,0,0,1,1,0,2,False,False,1833.3333333333333,5500.0,0
5873000,11460,3,1,3,1,0,0,0,0,2,1,1,True,False,3820.0,11460.0,0
5866000,4800,3,1,1,1,1,1,0,0,0,0,0,False,True,1600.0,4800.0,0
5810000,5828,4,1,4,1,1,0,0,0,0,0,1,True,False,1457.0,5828.0,0
5810000,5200,3,1,3,1,0,0,0,1,0,0,1,True,False,1733.3333333333333,5200.0,0
5810000,4800,3,1,3,1,0,0,0,1,0,0,0,False,True,1600.0,4800.0,0
5803000,7000,3,1,1,1,0,1,0,0,2,1,1,True,False,2333.3333333333335,7000.0,0
5775000,6000,3,2,4,1,0,0,0,1,0,0,0,False,True,2000.0,3000.0,0
5740000,5400,4,2,2,1,0,0,0,1,2,0,0,False,True,1350.0,2700.0,0
5740000,4640,4,1,2,1,0,0,0,0,1,0,1,True,False,1160.0,4640.0,0
5740000,5000,3,1,3,1,0,0,0,1,0,0,1,True,False,1666.6666666666667,5000.0,0
5740000,6360,3,1,1,1,1,1,0,1,2,1,2,False,False,2120.0,6360.0,0
5740000,5800,3,2,4,1,0,0,0,1,0,0,0,False,True,1933.3333333333333,2900.0,0
5652500,6660,4,2,2,1,1,1,0,0,1,1,1,True,False,1665.0,3330.0,0
5600000,10500,4,2,2,1,0,0,0,0,1,0,1,True,False,2625.0,5250.0,0
5600000,4700,4,1,2,1,1,1,0,1,1,0,2,False,False,1175.0,4700.0,0
5600000,5000,3,1,4,1,0,0,0,0,0,0,2,False,False,1666.6666666666667,5000.0,0
5600000,10500,2,1,1,1,0,0,0,0,1,0,1,True,False,5250.0,10500.0,0
5600000,5500,3,2,2,1,0,0,0,0,1,0,1,True,False,1833.3333333333333,2750.0,0
5600000,6360,3,1,3,1,0,0,0,0,0,1,1,True,False,2120.0,6360.0,0
5600000,6600,4,2,1,1,0,1,0,0,0,1,1,True,False,1650.0,3300.0,0
5600000,5136,3,1,2,1,1,1,0,1,0,1,0,False,True,1712.0,5136.0,0
5565000,4400,4,1,2,1,0,0,0,1,2,1,1,True,False,1100.0,4400.0,0
5565000,5400,5,1,2,1,1,1,0,1,0,1,2,False,False,1080.0,5400.0,0
5530000,3300,3,3,2,1,0,1,0,0,0,0,1,True,False,1100.0,1100.0,0
5530000,3650,3,2,2,1,0,0,0,0,2,0,1,True,False,1216.6666666666667,1825.0,0
5530000,6100,3,2,1,1,0,1,0,0,2,1,2,False,False,2033.3333333333333,3050.0,0
5523000,6900,3,1,1,1,1,1,0,0,0,1,1,True,False,2300.0,6900.0,0
5495000,7980,3,1,1,1,0,0,0,0,2,0,1,True,False,2660.0,7980.0,0
5460000,3150,3,2,1,1,1,1,0,1,0,0,2,False,False,1050.0,1575.0,0
5460000,6100,3,1,3,1,1,0,0,1,0,1,1,True,False,2033.3333333333333,6100.0,0
5460000,6600,4,2,2,1,1,1,0,0,0,1,1,True,False,1650.0,3300.0,0
5425000,6825,3,1,1,1,1,1,0,1,0,1,1,True,False,2275.0,6825.0,0
5390000,6710,3,2,2,1,1,1,0,0,1,1,2,False,False,2236.6666666666665,3355.0,0
5320000,7800,3,1,1,1,0,1,0,1,2,1,0,False,True,2600.0,7800.0,0
5285000,4600,2,2,1,1,0,0,0,1,2,0,1,True,False,2300.0,2300.0,0
5250000,4260,4,1,2,1,0,1,0,1,0,0,2,False,False,1065.0,4260.0,0
5250000,6540,4,2,2,0,0,0,0,1,0,0,1,True,False,1635.0,3270.0,0
5250000,5500,3,2,1,1,0,1,0,0,0,0,1,True,False,1833.3333333333333,2750.0,0
5250000,10269,3,1,1,1,0,0,0,0,1,1,1,True,False,3423.0,10269.0,0
5250000,8400,3,1,2,1,1,1,0,1,2,1,0,False,True,2800.0,8400.0,0
5250000,5300,4,2,1,1,0,0,0,1,0,1,0,False,True,1325.0,2650.0,0
5250000,3800,3,1,2,1,1,1,0,0,1,1,0,False,True,1266.6666666666667,3800.0,0
5250000,9800,4,2,2,1,1,0,0,0,2,0,1,True,False,2450.0,4900.0,0
5250000,8520,3,1,1,1,0,0,0,1,2,0,2,False,False,2840.0,8520.0,0
5243000,6050,3,1,1,1,0,1,0,0,0,1,1,True,False,2016.6666666666667,6050.0,0
5229000,7085,3,1,1,1,1,1,0,0,2,1,1,True,False,2361.6666666666665,7085.0,0
5215000,3180,3,2,2,1,0,0,0,0,2,0,1,True,False,1060.0,1590.0,0
5215000,4500,4,2,1,0,0,1,0,1,2,0,1,True,False,1125.0,2250.0,0
5215000,7200,3,1,2,1,1,1,0,0,1,1,2,False,False,2400.0,7200.0,0
5145000,3410,3,1,2,0,0,0,0,1,0,0,1,True,False,1136.6666666666667,3410.0,0
5145000,7980,3,1,1,1,0,0,0,0,1,1,1,True,False,2660.0,7980.0,0
5110000,3000,3,2,2,1,1,1,0,0,0,0,2,False,False,1000.0,1500.0,0
5110000,3000,3,1,2,1,0,1,0,0,0,0,0,False,True,1000.0,3000.0,0
5110000,11410,2,1,2,1,0,0,0,0,0,1,2,False,False,5705.0,11410.0,0
5110000,6100,3,1,1,1,0,1,0,1,0,1,1,True,False,2033.3333333333333,6100.0,0
5075000,5720,2,1,2,1,0,0,0,1,0,1,0,False,True,2860.0,5720.0,0
5040000,3540,2,1,1,0,1,1,0,0,0,0,1,True,False,1770.0,3540.0,0
5040000,7600,4,1,2,1,0,0,0,1,2,0,2,False,False,1900.0,7600.0,0
5040000,10700,3,1,2,1,1,1,0,0,0,0,1,True,False,3566.6666666666665,10700.0,0
5040000,6600,3,1,1,1,1,1,0,0,0,1,2,False,False,2200.0,6600.0,0
5033000,4800,2,1,1,1,1,1,0,0,0,0,1,True,False,2400.0,4800.0,0
5005000,8150,3,2,1,1,1,1,0,0,0,0,1,True,False,2716.6666666666665,4075.0,0
4970000,4410,4,3,2,1,0,1,0,0,2,0,1,True,False,1102.5,1470.0,0
4970000,7686,3,1,1,1,1,1,1,0,0,0,1,True,False,2562.0,7686.0,0
4956000,2800,3,2,2,0,0,1,0,1,1,0,1,True,False,933.3333333333334,1400.0,0
4935000,5948,3,1,2,1,0,0,0,1,0,0,1,True,False,1982.6666666666667,5948.0,0
4907000,4200,3,1,2,1,0,0,0,0,1,0,2,False,False,1400.0,4200.0,0
4900000,4520,3,1,2,1,0,1,0,1,0,0,1,True,False,1506.6666666666667,4520.0,0
4900000,4095,3,1,2,0,1,1,0,1,0,0,1,True,False,1365.0,4095.0,0
4900000,4120,2,1,1,1,0,1,0,0,1,0,1,True,False,2060.0,4120.0,0
4900000,5400,4,1,2,1,0,0,0,0,0,0,1,True,False,1350.0,5400.0,0
4900000,4770,3,1,1,1,1,1,0,0,0,0,1,True,False,1590.0,4770.0,0
4900000,6300,3,1,1,1,0,0,0,1,2,0,1,True,False,2100.0,6300.0,0
4900000,5800,2,1,1,1,1,1,0,1,0,0,1,True,False,2900.0,5800.0,0
4900000,3000,3,1,2,1,0,1,0,1,0,0,1,True,False,1000.0,3000.0,0
4900000,2970,3,1,3,1,0,0,0,0,0,0,1,True,False,990.0,2970.0,0
4900000,6720,3,1,1,1,0,0,0,0,0,0,0,False,True,2240.0,6720.0,0
4900000,4646,3,1,2,1,1,1,0,0,2,0,1,True,False,1548.6666666666667,4646.0,0
4900000,12900,3,1,1,1,0,0,0,0,2,0,2,False,False,4300.0,12900.0,0
4893000,3420,4,2,2,1,0,1,0,1,2,0,1,True,False,855.0,1710.0,0
4893000,4995,4,2,1,1,0,1,0,0,0,0,1,True,False,1248.75,2497.5,0
4865000,4350,2,1,1,1,0,1,0,0,0,0,0,False,True,2175.0,4350.0,0
4830000,4160,3,1,3,1,0,0,0,0,0,0,0,False,True,1386.6666666666667,4160.0,0
4830000,6040,3,1,1,1,0,0,0,0,2,1,1,True,False,2013.3333333333333,6040.0,0
4830000,6862,3,1,2,1,0,0,0,1,2,1,2,False,False,2287.3333333333335,6862.0,0
4830000,4815,2,1,1,1,0,0,0,1,0,1,1,True,False,2407.5,4815.0,0
4795000,7000,3,1,2,1,0,1,0,0,0,0,0,False,True,2333.3333333333335,7000.0,0
4795000,8100,4,1,4,1,0,1,0,1,2,0,1,True,False,2025.0,8100.0,0
4767000,3420,4,2,2,1,0,0,0,0,0,0,1,True,False,855.0,1710.0,0
4760000,9166,2,1,1,1,0,1,0,1,2,0,1,True,False,4583.0,9166.0,0
4760000,6321,3,1,2,1,0,1,0,1,1,0,2,False,False,2107.0,6321.0,0
4760000,10240,2,1,1,1,0,0,0,1,2,1,0,False,True,5120.0,10240.0,0
4753000,6440,2,1,1,1,0,0,0,1,3,0,1,True,False,3220.0,6440.0,0
4690000,5170,3,1,4,1,0,0,0,1,0,0,1,True,False,1723.3333333333333,5170.0,0
4690000,6000,2,1,1,1,0,1,0,1,1,0,2,False,False,3000.0,6000.0,0
4690000,3630,3,1,2,1,0,0,0,0,2,0,1,True,False,1210.0,3630.0,0
4690000,9667,4,2,2,1,1,1,0,0,1,0,1,True,False,2416.75,4833.5,0
4690000,5400,2,1,2,1,0,0,0,0,0,1,1,True,False,2700.0,5400.0,0
4690000,4320,3,1,1,1,0,0,0,0,0,1,1,True,False,1440.0,4320.0,0
4655000,3745,3,1,2,1,0,1,0,0,0,0,2,False,False,1248.3333333333333,3745.0,0
4620000,4160,3,1,1,1,1,1,0,1,0,0,0,False,True,1386.6666666666667,4160.0,0
4620000,3880,3,2,2,1,0,1,0,0,2,0,1,True,False,1293.3333333333333,1940.0,0
4620000,5680,3,1,2,1,1,0,0,1,1,0,1,True,False,1893.3333333333333,5680.0,0
4620000,2870,2,1,2,1,1,1,0,0,0,1,1,True,False,1435.0,2870.0,0
4620000,5010,3,1,2,1,0,1,0,0,0,0,1,True,False,1670.0,5010.0,0
4613000,4510,4,2,2,1,0,1,0,0,0,0,1,True,False,1127.5,2255.0,0
4585000,4000,3,1,2,1,0,0,0,0,1,0,2,False,False,1333.3333333333333,4000.0,0
4585000,3840,3,1,2,1,0,0,0,0,1,1,1,True,False,1280.0,3840.0,0
4550000,3760,3,1,1,1,0,0,0,0,2,0,1,True,False,1253.3333333333333,3760.0,0
4550000,3640,3,1,2,1,0,0,0,1,0,0,2,False,False,1213.3333333333333,3640.0,0
4550000,2550,3,1,2,1,0,1,0,0,0,0,2,False,False,850.0,2550.0,0
4550000,5320,3,1,2,1,1,1,0,0,0,1,1,True,False,1773.3333333333333,5320.0,0
4550000,5360,3,1,2,1,0,0,0,0,2,1,0,False,True,1786.6666666666667,5360.0,0
4550000,3520,3,1,1,1,0,0,0,0,0,1,1,True,False,1173.3333333333333,3520.0,0
4550000,8400,4,1,4,1,0,0,0,0,3,0,0,False,True,2100.0,8400.0,0
4543000,4100,2,2,1,1,1,1,0,0,0,0,1,True,False,2050.0,2050.0,0
4543000,4990,4,2,2,1,1,1,0,0,0,1,2,False,False,1247.5,2495.0,0
4515000,3510,3,1,3,1,0,0,0,0,0,0,1,True,False,1170.0,3510.0,0
4515000,3450,3,1,2,1,0,1,0,0,1,0,1,True,False,1150.0,3450.0,0
4515000,9860,3,1,1,1,0,0,0,0,0,0,1,True,False,3286.6666666666665,9860.0,0
4515000,3520,2,1,2,1,0,0,0,0,0,1,2,False,False,1760.0,3520.0,0
4480000,4510,4,1,2,1,0,0,0,1,2,0,1,True,False,1127.5,4510.0,0
4480000,5885,2,1,1,1,0,0,0,1,1,0,0,False,True,2942.5,5885.0,0
4480000,4000,3,1,2,1,0,0,0,0,2,0,2,False,False,1333.3333333333333,4000.0,0
4480000,8250,3,1,1,1,0,0,0,0,0,0,2,False,False,2750.0,8250.0,0
4480000,4040,3,1,2,1,0,0,0,0,1,0,1,True,False,1346.6666666666667,4040.0,0
4473000,6360,2,1,1,1,0,1,0,1,1,0,2,False,False,3180.0,6360.0,0
4473000,3162,3,1,2,1,0,0,0,1,1,0,2,False,False,1054.0,3162.0,0
4473000,3510,3,1,2,1,0,0,0,0,0,0,1,True,False,1170.0,3510.0,0
4445000,3750,2,1,1,1,1,1,0,0,0,0,1,True,False,1875.0,3750.0,0
4410000,3968,3,1,2,0,0,0,0,0,0,0,1,True,False,1322.6666666666667,3968.0,0
4410000,4900,2,1,2,1,0,1,0,0,0,0,1,True,False,2450.0,4900.0,0
4403000,2880,3,1,2,1,0,0,0,0,0,1,1,True,False,960.0,2880.0,0
4403000,4880,3,1,1,1,0,0,0,0,2,1,0,False,True,1626.6666666666667,4880.0,0
4403000,4920,3,1,2,1,0,0,0,0,1,0,1,True,False,1640.0,4920.0,0
4382000,4950,4,1,2,1,0,0,0,1,0,0,1,True,False,1237.5,4950.0,0
4375000,3900,3,1,2,1,0,0,0,0,0,0,0,False,True,1300.0,3900.0,0
4340000,4500,3,2,3,1,0,0,1,0,1,0,2,False,False,1500.0,2250.0,0
4340000,1905,5,1,2,0,0,1,0,0,0,0,1,True,False,381.0,1905.0,0
4340000,4075,3,1,1,1,1,1,0,0,2,0,1,True,False,1358.3333333333333,4075.0,0
4340000,3500,4,1,2,1,0,0,0,0,2,0,2,False,False,875.0,3500.0,0
4340000,6450,4,1,2,1,0,0,0,0,0,0,1,True,False,1612.5,6450.0,0
4319000,4032,2,1,1,1,0,1,0,0,0,0,2,False,False,2016.0,4032.0,0
4305000,4400,2,1,1,1,0,0,0,0,1,0,1,True,False,2200.0,4400.0,0
4305000,10360,2,1,1,1,0,0,0,0,1,1,1,True,False,5180.0,10360.0,0
4277000,3400,3,1,2,1,0,1,0,0,2,1,1,True,False,1133.3333333333333,3400.0,0
4270000,6360,2,1,1,1,0,0,0,0,0,0,2,False,False,3180.0,6360.0,0
4270000,6360,2,1,2,1,0,0,0,0,0,0,0,False,True,3180.0,6360.0,0
4270000,4500,2,1,1,1,0,0,0,1,2,0,2,False,False,2250.0,4500.0,0
4270000,2175,3,1,2,0,1,1,0,1,0,0,0,False,True,725.0,2175.0,0
4270000,4360,4,1,2,1,0,0,0,0,0,0,2,False,False,1090.0,4360.0,0
4270000,7770,2,1,1,1,0,0,0,0,1,0,2,False,False,3885.0,7770.0,0
4235000,6650,3,1,2,1,1,0,0,0,0,0,1,True,False,2216.6666666666665,6650.0,0
4235000,2787,3,1,1,1,0,1,0,0,0,1,2,False,False,929.0,2787.0,0
4200000,5500,3,1,2,1,0,0,0,1,0,0,0,False,True,1833.3333333333333,5500.0,0
4200000,5040,3,1,2,1,0,1,0,1,0,0,0,False,True,1680.0,5040.0,0
4200000,5850,2,1,1,1,1,1,0,0,2,0,1,True,False,2925.0,5850.0,0
4200000,2610,4,3,2,0,0,0,0,0,0,0,1,True,False,652.5,870.0,0
4200000,2953,3,1,2,1,0,1,0,1,0,0,0,False,True,984.3333333333334,2953.0,0
4200000,2747,4,2,2,0,0,0,0,0,0,0,1,True,False,686.75,1373.5,0
4200000,4410,2,1,1,0,0,0,0,0,1,0,0,False,True,2205.0,4410.0,0
4200000,4000,4,2,2,0,0,0,0,0,0,0,1,True,False,1000.0,2000.0,0
4200000,2325,3,1,2,0,0,0,0,0,0,0,1,True,False,775.0,2325.0,0
4200000,4600,3,2,2,1,0,0,0,1,1,0,1,True,False,1533.3333333333333,2300.0,0
4200000,3640,3,2,2,1,0,1,0,0,0,0,0,False,True,1213.3333333333333,1820.0,0
4200000,5800,3,1,1,1,0,0,1,0,2,0,1,True,False,1933.3333333333333,5800.0,0
4200000,7000,3,1,1,1,0,0,0,0,3,0,2,False,False,2333.3333333333335,7000.0,0
4200000,4079,3,1,3,1,0,0,0,0,0,0,1,True,False,1359.6666666666667,4079.0,0
4200000,3520,3,1,2,1,0,0,0,0,0,1,1,True,False,1173.3333333333333,3520.0,0
4200000,2145,3,1,3,1,0,0,0,0,1,1,0,False,True,715.0,2145.0,0
4200000,4500,3,1,1,1,0,1,0,0,0,0,2,False,False,1500.0,4500.0,0
4193000,8250,3,1,1,1,0,1,0,0,3,0,1,True,False,2750.0,8250.0,0
4193000,3450,3,1,2,1,0,0,0,0,1,0,1,True,False,1150.0,3450.0,0
4165000,4840,3,1,2,1,0,0,0,0,1,0,1,True,False,1613.3333333333333,4840.0,0
4165000,4080,3,1,2,1,0,0,0,0,2,0,1,True,False,1360.0,4080.0,0
4165000,4046,3,1,2,1,0,1,0,0,1,0,1,True,False,1348.6666666666667,4046.0,0
4130000,4632,4,1,2,1,0,0,0,1,0,0,1,True,False,1158.0,4632.0,0
4130000,5985,3,1,1,1,0,1,0,0,0,0,1,True,False,1995.0,5985.0,0
4123000,6060,2,1,1,1,0,1,0,0,1,0,1,True,False,3030.0,6060.0,0
4098500,3600,3,1,1,1,0,1,0,1,0,1,2,False,False,1200.0,3600.0,0
4095000,3680,3,2,2,1,0,0,0,0,0,0,1,True,False,1226.6666666666667,1840.0,0
4095000,4040,2,1,2,1,0,0,0,0,1,0,1,True,False,2020.0,4040.0,0
4095000,5600,2,1,1,1,0,0,0,1,0,0,1,True,False,2800.0,5600.0,0
4060000,5900,4,2,2,0,0,1,0,0,1,0,0,False,True,1475.0,2950.0,0
4060000,4992,3,2,2,1,0,0,0,0,2,0,0,False,True,1664.0,2496.0,0
4060000,4340,3,1,1,1,0,0,0,0,0,0,1,True,False,1446.6666666666667,4340.0,0
4060000,3000,4,1,3,1,0,1,0,1,2,0,1,True,False,750.0,3000.0,0
4060000,4320,3,1,2,1,0,0,0,0,2,1,2,False,False,1440.0,4320.0,0
4025000,3630,3,2,2,1,0,0,1,0,2,0,1,True,False,1210.0,1815.0,0
4025000,3460,3,2,1,1,0,1,0,1,1,0,2,False,False,1153.3333333333333,1730.0,0
4025000,5400,3,1,1,1,0,0,0,0,3,0,1,True,False,1800.0,5400.0,0
4007500,4500,3,1,2,0,0,1,0,1,0,0,1,True,False,1500.0,4500.0,0
4007500,3460,4,1,2,1,0,0,0,1,0,0,1,True,False,865.0,3460.0,0
3990000,4100,4,1,1,0,0,1,0,0,0,0,0,False,True,1025.0,4100.0,0
3990000,6480,3,1,2,0,0,0,0,1,1,0,1,True,False,2160.0,6480.0,0
3990000,4500,3,2,2,0,0,1,0,1,0,0,1,True,False,1500.0,2250.0,0
3990000,3960,3,1,2,1,0,0,0,0,0,0,2,False,False,1320.0,3960.0,0
3990000,4050,2,1,2,1,1,1,0,0,0,1,0,False,True,2025.0,4050.0,0
3920000,7260,3,2,1,1,1,1,0,0,3,0,2,False,False,2420.0,3630.0,0
3920000,5500,4,1,2,1,1,1,0,0,0,0,1,True,False,1375.0,5500.0,0
3920000,3000,3,1,2,1,0,0,0,0,0,0,1,True,False,1000.0,3000.0,0
3920000,3290,2,1,1,1,0,0,1,0,1,0,2,False,False,1645.0,3290.0,0
3920000,3816,2,1,1,1,0,1,0,1,2,0,2,False,False,1908.0,3816.0,0
3920000,8080,3,1,1,1,0,0,0,1,2,0,1,True,False,2693.3333333333335,8080.0,0
3920000,2145,4,2,1,1,0,1,0,0,0,1,0,False,True,536.25,1072.5,0
3885000,3780,2,1,2,1,1,1,0,0,0,0,1,True,False,1890.0,3780.0,0
3885000,3180,4,2,2,1,0,0,0,0,0,0,2,False,False,795.0,1590.0,0
3850000,5300,5,2,2,1,0,0,0,0,0,0,1,True,False,1060.0,2650.0,0
3850000,3180,2,2,1,1,0,1,0,0,2,0,1,True,False,1590.0,1590.0,0
3850000,7152,3,1,2,1,0,0,0,1,0,0,2,False,False,2384.0,7152.0,0
3850000,4080,2,1,1,1,0,0,0,0,0,0,1,True,False,2040.0,4080.0,0
3850000,3850,2,1,1,1,0,0,0,0,0,0,1,True,False,1925.0,3850.0,0
3850000,2015,3,1,2,1,0,1,0,0,0,1,1,True,False,671.6666666666666,2015.0,0
3850000,2176,2,1,2,1,1,0,0,0,0,1,1,True,False,1088.0,2176.0,0
3836000,3350,3,1,2,1,0,0,0,0,0,0,0,False,True,1116.6666666666667,3350.0,0
3815000,3150,2,2,1,0,0,1,0,0,0,0,1,True,False,1575.0,1575.0,0
3780000,4820,3,1,2,1,0,0,0,0,0,0,1,True,False,1606.6666666666667,4820.0,0
3780000,3420,2,1,2,1,0,0,1,0,1,0,1,True,False,1710.0,3420.0,0
3780000,3600,2,1,1,1,0,0,0,0,0,0,1,True,False,1800.0,3600.0,0
3780000,5830,2,1,1,1,0,0,0,0,2,0,0,False,True,2915.0,5830.0,0
3780000,2856,3,1,3,1,0,0,0,0,0,1,2,False,False,952.0,2856.0,0
3780000,8400,2,1,1,1,0,0,0,0,1,0,2,False,False,4200.0,8400.0,0
3773000,8250,3,1,1,1,0,0,0,0,2,0,2,False,False,2750.0,8250.0,0
3773000,6930,4,1,2,0,0,0,0,0,1,0,2,False,False,1732.5,6930.0,0
3745000,3480,2,1,1,1,0,0,0,0,0,1,1,True,False,1740.0,3480.0,0
3710000,3600,3,1,1,1,0,0,0,0,1,0,0,False,True,1200.0,3600.0,0
3710000,4040,2,1,1,1,0,0,0,0,0,0,1,True,False,2020.0,4040.0,0
3710000,6020,3,1,1,1,0,0,0,0,0,0,1,True,False,2006.6666666666667,6020.0,0
3710000,4050,2,1,1,1,0,0,0,0,0,0,2,False,False,2025.0,4050.0,0
3710000,3584,2,1,1,1,0,0,1,0,0,0,1,True,False,1792.0,3584.0,0
3703000,3120,3,1,2,0,0,1,1,0,0,0,1,True,False,1040.0,3120.0,0
3703000,5450,2,1,1,1,0,0,0,0,0,0,2,False,False,2725.0,5450.0,0
3675000,3630,2,1,1,1,0,1,0,0,0,0,2,False,False,1815.0,3630.0,0
3675000,3630,2,1,1,1,0,0,0,1,0,0,0,False,True,1815.0,3630.0,0
3675000,5640,2,1,1,0,0,0,0,0,0,0,1,True,False,2820.0,5640.0,0
3675000,3600,2,1,1,1,0,0,0,0,0,0,2,False,False,1800.0,3600.0,0
3640000,4280,2,1,1,1,0,0,0,1,2,0,1,True,False,2140.0,4280.0,0
3640000,3570,3,1,2,1,0,1,0,0,0,0,1,True,False,1190.0,3570.0,0
3640000,3180,3,1,2,0,0,1,0,0,0,0,1,True,False,1060.0,3180.0,0
3640000,3000,2,1,2,1,0,0,0,1,0,0,2,False,False,1500.0,3000.0,0
3640000,3520,2,2,1,1,0,1,0,0,0,0,1,True,False,1760.0,1760.0,0
3640000,5960,3,1,2,1,1,1,0,0,0,0,0,False,True,1986.6666666666667,5960.0,0
3640000,4130,3,2,2,1,0,0,0,0,2,0,1,True,False,1376.6666666666667,2065.0,0
3640000,2850,3,2,2,0,0,1,0,0,0,1,0,False,True,950.0,1425.0,0
3640000,2275,3,1,3,1,0,0,1,1,0,1,1,True,False,758.3333333333334,2275.0,0
3633000,3520,3,1,1,1,0,0,0,0,2,1,0,False,True,1173.3333333333333,3520.0,0
3605000,4500,2,1,1,1,0,0,0,0,0,0,1,True,False,2250.0,4500.0,0
3605000,4000,2,1,1,1,0,0,0,0,0,1,1,True,False,2000.0,4000.0,0
3570000,3150,3,1,2,1,0,1,0,0,0,0,2,False,False,1050.0,3150.0,0
3570000,4500,4,2,2,1,0,1,0,0,2,0,2,False,False,1125.0,2250.0,0
3570000,4500,2,1,1,0,0,0,0,0,0,0,2,False,False,2250.0,4500.0,0
3570000,3640,2,1,1,1,0,0,0,0,0,0,0,False,True,1820.0,3640.0,0
3535000,3850,3,1,1,1,0,0,0,0,2,0,0,False,True,1283.3333333333333,3850.0,0
3500000,4240,3,1,2,1,0,0,0,1,0,0,1,True,False,1413.3333333333333,4240.0,0
3500000,3650,3,1,2,1,0,0,0,0,0,0,0,False,True,1216.6666666666667,3650.0,0
3500000,4600,4,1,2,1,0,0,0,0,0,0,1,True,False,1150.0,4600.0,0
3500000,2135,3,2,2,0,0,0,0,0,0,0,0,False,True,711.6666666666666,1067.5,0
3500000,3036,3,1,2,1,0,1,0,0,0,0,1,True,False,1012.0,3036.0,0
3500000,3990,3,1,2,1,0,0,0,0,0,0,1,True,False,1330.0,3990.0,0
3500000,7424,3,1,1,0,0,0,0,0,0,0,0,False,True,2474.6666666666665,7424.0,0
3500000,3480,3,1,1,0,0,0,0,1,0,0,0,False,True,1160.0,3480.0,0
3500000,3600,6,1,2,1,0,0,0,0,1,0,0,False,True,600.0,3600.0,0
3500000,3640,2,1,1,1,0,0,0,0,1,0,1,True,False,1820.0,3640.0,0
3500000,5900,2,1,1,1,0,0,0,0,1,0,2,False,False,2950.0,5900.0,0
3500000,3120,3,1,2,1,0,0,0,0,1,0,0,False,True,1040.0,3120.0,0
3500000,7350,2,1,1,1,0,0,0,0,1,0,1,True,False,3675.0,7350.0,0
3500000,3512,2,1,1,1,0,0,0,0,1,1,0,False,True,1756.0,3512.0,0
3500000,9500,3,1,2,1,0,0,0,0,3,1,0,False,True,3166.6666666666665,9500.0,0
3500000,5880,2,1,1,1,0,0,0,0,0,0,0,False,True,2940.0,5880.0,0
3500000,12944,3,1,1,1,0,0,0,0,0,0,0,False,True,4314.666666666667,12944.0,0
3493000,4900,3,1,2,0,0,0,0,0,0,0,0,False,True,1633.3333333333333,4900.0,0
3465000,3060,3,1,1,1,0,0,0,0,0,0,0,False,True,1020.0,3060.0,0
3465000,5320,2,1,1,1,0,0,0,0,1,1,0,False,True,2660.0,5320.0,0
3465000,2145,3,1,3,1,0,0,0,0,0,1,2,False,False,715.0,2145.0,0
3430000,4000,2,1,1,1,0,0,0,0,0,0,0,False,True,2000.0,4000.0,0
3430000,3185,2,1,1,1,0,0,0,0,2,0,0,False,True,1592.5,3185.0,0
3430000,3850,3,1,1,1,0,0,0,0,0,0,0,False,True,1283.3333333333333,3850.0,0
3430000,2145,3,1,3,1,0,0,0,0,0,1,2,False,False,715.0,2145.0,0
3430000,2610,3,1,2,1,0,1,0,0,0,1,0,False,True,870.0,2610.0,0
3430000,1950,3,2,2,1,0,1,0,0,0,1,0,False,True,650.0,975.0,0
3423000,4040,2,1,1,1,0,0,0,0,0,0,0,False,True,2020.0,4040.0,0
3395000,4785,3,1,2,1,1,1,0,1,1,0,2,False,False,1595.0,4785.0,0
3395000,3450,3,1,1,1,0,1,0,0,2,0,0,False,True,1150.0,3450.0,0
3395000,3640,2,1,1,1,0,0,0,0,0,0,2,False,False,1820.0,3640.0,0
3360000,3500,4,1,2,1,0,0,0,1,2,0,0,False,True,875.0,3500.0,0
3360000,4960,4,1,3,0,0,0,0,0,0,0,1,True,False,1240.0,4960.0,0
3360000,4120,2,1,2,1,0,0,0,0,0,0,0,False,True,2060.0,4120.0,0
3360000,4750,2,1,1,1,0,0,0,0,0,0,0,False,True,2375.0,4750.0,0
3360000,3720,2,1,1,0,0,0,0,1,0,0,0,False,True,1860.0,3720.0,0
3360000,3750,3,1,1,1,0,0,0,0,0,0,0,False,True,1250.0,3750.0,0
3360000,3100,3,1,2,0,0,1,0,0,0,0,1,True,False,1033.3333333333333,3100.0,0
3360000,3185,2,1,1,1,0,1,0,0,2,0,2,False,False,1592.5,3185.0,0
3353000,2700,3,1,1,0,0,0,0,0,0,0,2,False,False,900.0,2700.0,0
3332000,2145,3,1,2,1,0,1,0,0,0,1,2,False,False,715.0,2145.0,0
3325000,4040,2,1,1,1,0,0,0,0,1,0,0,False,True,2020.0,4040.0,0
3325000,4775,4,1,2,1,0,0,0,0,0,0,0,False,True,1193.75,4775.0,0
3290000,2500,2,1,1,0,0,0,0,1,0,0,0,False,True,1250.0,2500.0,0
3290000,3180,4,1,2,1,0,1,0,1,0,0,0,False,True,795.0,3180.0,0
3290000,6060,3,1,1,1,1,1,0,0,0,0,2,False,False,2020.0,6060.0,0
3290000,3480,4,1,2,0,0,0,0,0,1,0,1,True,False,870.0,3480.0,0
3290000,3792,4,1,2,1,0,0,0,0,0,0,1,True,False,948.0,3792.0,0
3290000,4040,2,1,1,1,0,0,0,0,0,0,0,False,True,2020.0,4040.0,0
3290000,2145,3,1,2,1,0,1,0,0,0,1,2,False,False,715.0,2145.0,0
3290000,5880,3,1,1,1,0,0,0,0,1,0,0,False,True,1960.0,5880.0,0
3255000,4500,2,1,1,0,0,0,0,0,0,0,1,True,False,2250.0,4500.0,0
3255000,3930,2,1,1,0,0,0,0,0,0,0,0,False,True,1965.0,3930.0,0
3234000,3640,4,1,2,1,0,1,0,0,0,0,0,False,True,910.0,3640.0,0
3220000,4370,3,1,2,1,0,0,0,0,0,0,0,False,True,1456.6666666666667,4370.0,0
3220000,2684,2,1,1,1,0,0,0,1,1,0,0,False,True,1342.0,2684.0,0
3220000,4320,3,1,1,0,0,0,0,0,1,0,0,False,True,1440.0,4320.0,0
3220000,3120,3,1,2,0,0,0,0,0,0,0,2,False,False,1040.0,3120.0,0
3150000,3450,1,1,1,1,0,0,0,0,0,0,2,False,False,3450.0,3450.0,0
3150000,3500,2,1,1,0,0,1,0,0,0,0,1,True,False,1750.0,3500.0,0
3150000,4095,2,1,1,1,0,0,0,0,2,0,1,True,False,2047.5,4095.0,0
3150000,1650,3,1,2,0,0,1,0,0,0,0,0,False,True,550.0,1650.0,0
3150000,3450,3,1,2,1,0,1,0,0,0,0,1,True,False,1150.0,3450.0,0
3150000,6750,2,1,1,1,0,0,0,0,0,0,1,True,False,3375.0,6750.0,0
3150000,9000,3,1,2,1,0,0,0,0,2,0,1,True,False,3000.0,9000.0,0
3150000,3069,2,1,1,1,0,0,0,0,1,0,0,False,True,1534.5,3069.0,0
3143000,4500,3,1,2,1,0,0,0,1,0,0,0,False,True,1500.0,4500.0,0
3129000,5495,3,1,1,1,0,1,0,0,0,0,0,False,True,1831.6666666666667,5495.0,0
3118850,2398,3,1,1,1,0,0,0,0,0,1,1,True,False,799.3333333333334,2398.0,0
3115000,3000,3,1,1,0,0,0,0,1,0,0,0,False,True,1000.0,3000.0,0
3115000,3850,3,1,2,1,0,0,0,0,0,0,0,False,True,1283.3333333333333,3850.0,0
3115000,3500,2,1,1,1,0,0,0,0,0,0,0,False,True,1750.0,3500.0,0
3087000,8100,2,1,1,1,0,0,0,0,1,0,0,False,True,4050.0,8100.0,0
3080000,4960,2,1,1,1,0,1,0,1,0,0,0,False,True,2480.0,4960.0,0
3080000,2160,3,1,2,0,0,1,0,0,0,0,1,True,False,720.0,2160.0,0
3080000,3090,2,1,1,1,1,1,0,0,0,0,0,False,True,1545.0,3090.0,0
3080000,4500,2,1,2,1,0,0,1,0,1,0,1,True,False,2250.0,4500.0,0
3045000,3800,2,1,1,1,0,0,0,0,0,0,0,False,True,1900.0,3800.0,0
3010000,3090,3,1,2,0,0,0,0,0,0,0,1,True,False,1030.0,3090.0,0
3010000,3240,3,1,2,1,0,0,0,0,2,0,1,True,False,1080.0,3240.0,0
3010000,2835,2,1,1,1,0,0,0,0,0,0,1,True,False,1417.5,2835.0,0
3010000,4600,2,1,1,1,0,0,0,0,0,0,2,False,False,2300.0,4600.0,0
3010000,5076,3,1,1,0,0,0,0,0,0,0,0,False,True,1692.0,5076.0,0
3010000,3750,3,1,2,1,0,0,0,0,0,0,0,False,True,1250.0,3750.0,0
3010000,3630,4,1,2,1,0,0,0,0,3,0,1,True,False,907.5,3630.0,0
3003000,8050,2,1,1,1,0,0,0,0,0,0,0,False,True,4025.0,8050.0,0
2975000,4352,4,1,2,0,0,0,0,0,1,0,0,False,True,1088.0,4352.0,0
2961000,3000,2,1,2,1,0,0,0,0,0,0,1,True,False,1500.0,3000.0,0
2940000,5850,3,1,2,1,0,1,0,0,1,0,0,False,True,1950.0,5850.0,0
2940000,4960,2,1,1,1,0,0,0,0,0,0,0,False,True,2480.0,4960.0,0
2940000,3600,3,1,2,0,0,0,0,0,1,0,0,False,True,1200.0,3600.0,0
2940000,3660,4,1,2,0,0,0,0,0,0,0,0,False,True,915.0,3660.0,0
2940000,3480,3,1,2,0,0,0,0,0,1,0,1,True,False,1160.0,3480.0,0
2940000,2700,2,1,1,0,0,0,0,0,0,0,2,False,False,1350.0,2700.0,0
2940000,3150,3,1,2,0,0,0,0,0,0,0,0,False,True,1050.0,3150.0,0
2940000,6615,3,1,2,1,0,0,0,0,0,0,1,True,False,2205.0,6615.0,0
2870000,3040,2,1,1,0,0,0,0,0,0,0,0,False,True,1520.0,3040.0,0
2870000,3630,2,1,1,1,0,0,0,0,0,0,0,False,True,1815.0,3630.0,0
2870000,6000,2,1,1,1,0,0,0,0,0,0,1,True,False,3000.0,6000.0,0
2870000,5400,4,1,2,1,0,0,0,0,0,0,0,False,True,1350.0,5400.0,0
2852500,5200,4,1,3,1,0,0,0,0,0,0,0,False,True,1300.0,5200.0,0
2835000,3300,3,1,2,0,0,0,0,0,1,0,1,True,False,1100.0,3300.0,0
2835000,4350,3,1,2,0,0,0,1,0,1,0,0,False,True,1450.0,4350.0,0
2835000,2640,2,1,1,0,0,0,0,0,1,0,2,False,False,1320.0,2640.0,0
2800000,2650,3,1,2,1,0,1,0,0,1,0,0,False,True,883.3333333333334,2650.0,0
2800000,3960,3,1,1,1,0,0,0,0,0,0,2,False,False,1320.0,3960.0,0
2730000,6800,2,1,1,1,0,0,0,0,0,0,0,False,True,3400.0,6800.0,0
2730000,4000,3,1,2,1,0,0,0,0,1,0,0,False,True,1333.3333333333333,4000.0,0
2695000,4000,2,1,1,1,0,0,0,0,0,0,0,False,True,2000.0,4000.0,0
2660000,3934,2,1,1,1,0,0,0,0,0,0,0,False,True,1967.0,3934.0,0
2660000,2000,2,1,2,1,0,0,0,0,0,0,1,True,False,1000.0,2000.0,0
2660000,2800,3,1,1,1,0,0,0,0,0,0,0,False,True,933.3333333333334,2800.0,0
2660000,2430,3,1,1,0,0,0,0,0,0,0,0,False,True,810.0,2430.0,0
2660000,3480,2,1,1,1,0,0,0,0,1,0,1,True,False,1740.0,3480.0,0
2660000,4000,3,1,1,1,0,0,0,0,0,0,1,True,False,1333.3333333333333,4000.0,0
2653000,3185,2,1,1,1,0,0,0,1,0,0,0,False,True,1592.5,3185.0,0
2653000,4000,3,1,2,1,0,0,0,1,0,0,0,False,True,1333.3333333333333,4000.0,0
2604000,2910,2,1,1,0,0,0,0,0,0,0,0,False,True,1455.0,2910.0,0
2590000,3600,2,1,1,1,0,0,0,0,0,0,0,False,True,1800.0,3600.0,0
2590000,4400,2,1,1,1,0,0,0,0,0,0,0,False,True,2200.0,4400.0,0
2590000,3600,2,2,2,1,0,1,0,0,1,0,2,False,False,1800.0,1800.0,0
2520000,2880,3,1,1,0,0,0,0,0,0,0,0,False,True,960.0,2880.0,0
2520000,3180,3,1,1,0,0,0,0,0,0,0,0,False,True,1060.0,3180.0,0
2520000,3000,2,1,2,1,0,0,0,0,0,0,2,False,False,1500.0,3000.0,0
2485000,4400,3,1,2,1,0,0,0,0,0,0,0,False,True,1466.6666666666667,4400.0,0
2485000,3000,3,1,2,0,0,0,0,0,0,0,1,True,False,1000.0,3000.0,0
2450000,3210,3,1,2,1,0,1,0,0,0,0,0,False,True,1070.0,3210.0,0
2450000,3240,2,1,1,0,1,0,0,0,1,0,0,False,True,1620.0,3240.0,0
2450000,3000,2,1,1,1,0,0,0,0,1,0,0,False,True,1500.0,3000.0,0
2450000,3500,2,1,1,1,1,0,0,0,0,0,0,False,True,1750.0,3500.0,0
2450000,4840,2,1,2,1,0,0,0,0,0,0,0,False,True,2420.0,4840.0,0
2450000,7700,2,1,1,1,0,0,0,0,0,0,0,False,True,3850.0,7700.0,0
2408000,3635,2,1,1,0,0,0,0,0,0,0,0,False,True,1817.5,3635.0,0
2380000,2475,3,1,2,1,0,0,0,0,0,0,2,False,False,825.0,2475.0,0
2380000,2787,4,2,2,1,0,0,0,0,0,0,2,False,False,696.75,1393.5,0
2380000,3264,2,1,1,1,0,0,0,0,0,0,0,False,True,1632.0,3264.0,0
2345000,3640,2,1,1,1,0,0,0,0,0,0,0,False,True,1820.0,3640.0,0
2310000,3180,2,1,1,1,0,0,0,0,0,0,0,False,True,1590.0,3180.0,0
2275000,1836,2,1,1,0,0,1,0,0,0,0,1,True,False,918.0,1836.0,0
2275000,3970,1,1,1,0,0,0,0,0,0,0,0,False,True,3970.0,3970.0,0
2275000,3970,3,1,2,1,0,1,0,0,0,0,0,False,True,1323.3333333333333,3970.0,0
2240000,1950,3,1,1,0,0,0,1,0,0,0,0,False,True,650.0,1950.0,0
2233000,5300,3,1,1,0,0,0,0,1,0,1,0,False,True,1766.6666666666667,5300.0,0
2135000,3000,2,1,1,0,0,0,0,0,0,0,0,False,True,1500.0,3000.0,0
2100000,2400,3,1,2,1,0,0,0,0,0,0,0,False,True,800.0,2400.0,0
2100000,3000,4,1,2,1,0,0,0,0,0,0,0,False,True,750.0,3000.0,0
2100000,3360,2,1,1,1,0,0,0,0,1,0,0,False,True,1680.0,3360.0,0
1960000,3420,5,1,2,0,0,0,0,0,0,0,0,False,True,684.0,3420.0,0
1890000,1700,3,1,2,1,0,0,0,0,0,0,0,False,True,566.6666666666666,1700.0,0
1890000,3649,2,1,1,1,0,0,0,0,0,0,0,False,True,1824.5,3649.0,0
1855000,2990,2,1,1,0,0,0,0,0,1,0,0,False,True,1495.0,2990.0,0
1820000,3000,2,1,1,1,0,1,0,0,2,0,0,False,True,1500.0,3000.0,0
1767150,2400,3,1,1,0,0,0,0,0,0,0,1,True,False,800.0,2400.0,0
1750000,3620,2,1,1,1,0,0,0,0,0,0,0,False,True,1810.0,3620.0,0
1750000,2910,3,1,1,0,0,0,0,0,0,0,2,False,False,970.0,2910.0,0
1750000,3850,3,1,2,1,0,0,0,0,0,0,0,False,True,1283.3333333333333,3850.0,0
